{"frameRate":24,"name":"anm1","version":"5.5","compatibleVersion":"5.5","armature":[{"type":"MovieClip","frameRate":24,"name":"plane1_fly","bone":[{"name":"root"},{"name":"plane1","parent":"root"}],"slot":[{"displayIndex":-1,"name":"plane1","parent":"plane1"}],"skin":[{"slot":[{"name":"plane1","display":[{"type":"armature","name":"plane1"}]}]}],"animation":[{"duration":65,"playTimes":0,"name":"newAnimation","bone":[{"name":"plane1","translateFrame":[{"duration":7,"curve":[1,-0.04076222038111019,1,1],"x":3.5,"y":3},{"duration":42,"curve":[0.9804878048780488,0.05130784708249497,1,1],"x":3.03,"y":2.7},{"duration":16,"tweenEasing":0,"x":193.68,"y":121.25},{"duration":0,"x":631.35,"y":181.38}],"rotateFrame":[{"duration":7,"curve":[1,-0.04076222038111019,1,1],"rotate":0.31},{"duration":42,"curve":[0.9804878048780488,0.05130784708249497,1,1]},{"duration":16,"tweenEasing":0,"rotate":-23.63},{"duration":0,"rotate":-30.48}]}],"slot":[{"name":"plane1","displayFrame":[{"duration":65}],"colorFrame":[{"duration":7,"curve":[1,-0.04076222038111019,1,1],"value":{"aM":0}},{"duration":58}]}]}],"defaultActions":[{"gotoAndPlay":"newAnimation"}]},{"type":"MovieClip","frameRate":24,"name":"anm1","bone":[{"name":"root"},{"name":"plane_1","parent":"root"}],"slot":[{"displayIndex":-1,"name":"plane_1","parent":"plane_1"}],"skin":[{"slot":[{"name":"plane_1","display":[{"name":"plane_1"},{"name":"plane_1_fire"},{"name":"plane_2"},{"name":"plane_2_fire"},{"name":"planet_1"},{"name":"coin_1"},{"name":"coin_2"},{"name":"coin_3"},{"name":"coin_4"},{"name":"whale"}]}]}],"animation":[{"duration":278,"playTimes":0,"name":"planet","bone":[{"name":"plane_1","translateFrame":[{"duration":20,"tweenEasing":0,"x":73,"y":-3.5},{"duration":258,"tweenEasing":0,"x":73.2,"y":-17.4},{"duration":0,"x":74.45,"y":-671.14}]}],"slot":[{"name":"plane_1","displayFrame":[{"duration":278,"value":4}],"colorFrame":[{"duration":20,"tweenEasing":0,"value":{"aM":0}},{"duration":258}]}]},{"duration":5,"playTimes":0,"name":"coin","bone":[{"name":"plane_1","translateFrame":[{"duration":2,"y":-2},{"x":-0.5,"y":-2.5},{"x":0.5,"y":-3.5},{"x":0.5,"y":-3},{"duration":0,"y":-2}]}],"slot":[{"name":"plane_1","displayFrame":[{"duration":2,"value":5},{"value":6},{"value":7},{"value":8},{"duration":0,"value":5}]}]},{"duration":215,"playTimes":0,"name":"whale","bone":[{"name":"plane_1","translateFrame":[{"duration":3,"tweenEasing":0,"x":20.5,"y":12},{"duration":6,"tweenEasing":0,"x":15.06,"y":11.34},{"duration":21,"tweenEasing":0,"x":9.83,"y":10.71},{"duration":18,"tweenEasing":0,"x":-8.5,"y":8.5},{"duration":21,"tweenEasing":0,"x":-17.25,"y":-4},{"duration":17,"tweenEasing":0,"x":-8.5,"y":8.5},{"duration":25,"tweenEasing":0,"x":-8.5,"y":8.5},{"duration":29,"tweenEasing":0,"x":-16,"y":-1.5},{"duration":9,"tweenEasing":0,"x":-8.5,"y":8.5},{"duration":61,"tweenEasing":0,"x":-8.5,"y":8.5},{"duration":5,"tweenEasing":0,"x":15.67,"y":11.42},{"duration":0,"x":20.5,"y":12}],"rotateFrame":[{"duration":3,"tweenEasing":0},{"duration":6,"tweenEasing":0,"rotate":10.46},{"duration":21,"tweenEasing":0,"rotate":20.57},{"duration":18,"tweenEasing":0,"rotate":38.93},{"duration":21,"tweenEasing":0,"rotate":51.44},{"duration":17,"tweenEasing":0,"rotate":39.87},{"duration":25,"tweenEasing":0,"rotate":31.75},{"duration":29,"tweenEasing":0,"rotate":53.23},{"duration":9,"tweenEasing":0,"rotate":37.76},{"duration":61,"tweenEasing":0,"rotate":33.2},{"duration":5,"tweenEasing":0,"rotate":9.3},{"duration":0}]}],"slot":[{"name":"plane_1","displayFrame":[{"duration":215,"value":9}],"colorFrame":[{"duration":3,"tweenEasing":0,"value":{"aM":0}},{"duration":207,"tweenEasing":0},{"duration":5,"tweenEasing":0},{"duration":0,"value":{"aM":0}}]}]}],"defaultActions":[{"gotoAndPlay":"planet"}]},{"type":"MovieClip","frameRate":24,"name":"plane1","bone":[{"name":"root"},{"name":"plane_1","parent":"root"}],"slot":[{"displayIndex":-1,"name":"plane_1","parent":"plane_1"}],"skin":[{"slot":[{"name":"plane_1","display":[{"name":"plane_1"},{"name":"plane_1_fire"}]}]}],"animation":[{"duration":26,"playTimes":0,"name":"newAnimation","bone":[{"name":"plane_1","translateFrame":[{"duration":7,"x":1,"y":1.5},{"duration":3,"x":246,"y":163},{"duration":13,"x":1,"y":1.5},{"duration":3,"x":246,"y":163},{"duration":0,"x":1,"y":1.5}]}],"slot":[{"name":"plane_1","displayFrame":[{"duration":7},{"duration":3,"value":1},{"duration":13},{"duration":3,"value":1},{"duration":0}]}]}],"defaultActions":[{"gotoAndPlay":"newAnimation"}]},{"type":"MovieClip","frameRate":24,"name":"plane2","bone":[{"name":"root"},{"name":"plane_2","parent":"root"}],"slot":[{"displayIndex":-1,"name":"plane_2","parent":"plane_2"}],"skin":[{"slot":[{"name":"plane_2","display":[{"name":"plane_2"},{"name":"plane_2_fire"}]}]}],"animation":[{"duration":55,"playTimes":0,"name":"newAnimation","bone":[{"name":"plane_2","translateFrame":[{"duration":15,"x":-0.02,"y":-5.67},{"duration":3,"x":-153.29,"y":72.75},{"duration":34,"x":-0.02,"y":-5.67},{"duration":3,"x":-153.29,"y":72.75},{"duration":0,"x":-0.02,"y":-5.67}]}],"slot":[{"name":"plane_2","displayFrame":[{"duration":15},{"duration":3,"value":1},{"duration":34},{"duration":3,"value":1},{"duration":0}]}]}],"defaultActions":[{"gotoAndPlay":"newAnimation"}]},{"type":"MovieClip","frameRate":24,"name":"plane2_fly","bone":[{"name":"root"},{"name":"plane2","parent":"root"}],"slot":[{"displayIndex":-1,"name":"plane2","parent":"plane2"}],"skin":[{"slot":[{"name":"plane2","display":[{"type":"armature","name":"plane2"}]}]}],"animation":[{"duration":68,"playTimes":0,"name":"newAnimation","bone":[{"name":"plane2","translateFrame":[{"duration":7,"curve":[0.9682926829268292,-0.02414486921529175,1,1],"x":0.46,"y":3.59},{"duration":61,"curve":[0.8121951219512195,0.015090543259557342,1,1],"x":-0.24,"y":3.91},{"duration":0,"x":-674.79,"y":311.34}]}],"slot":[{"name":"plane2","displayFrame":[{"duration":68}],"colorFrame":[{"duration":7,"curve":[0.9682926829268292,-0.02414486921529175,1,1],"value":{"aM":0}},{"duration":61}]}]}],"defaultActions":[{"gotoAndPlay":"newAnimation"}]}]}