{"name":"anm1","imagePath":"anm1_tex.png","SubTexture":[{"name":"coin_4","x":991,"height":47,"y":139,"width":32},{"name":"plane_2","x":942,"height":37,"y":51,"width":63},{"name":"coin_3","x":942,"height":47,"y":139,"width":9},{"name":"coin_1","x":942,"height":47,"y":90,"width":47},{"name":"plane_1_fire","x":1,"height":373,"y":1,"width":568},{"name":"whale","x":1,"height":117,"y":376,"width":181},{"name":"plane_2_fire","x":571,"height":195,"y":1,"width":369},{"name":"planet_1","x":184,"height":72,"y":376,"width":164},{"name":"coin_2","x":991,"height":47,"y":90,"width":32},{"name":"plane_1","x":942,"height":48,"y":1,"width":77}],"height":512,"width":1024}