{"file":"res01.png","frames":{
"board_end_title_5":{"x":1389,"y":1280,"w":87,"h":23,"offX":0,"offY":0,"sourceW":87,"sourceH":23},
"board_end_title_4":{"x":701,"y":1078,"w":87,"h":23,"offX":0,"offY":0,"sourceW":88,"sourceH":23},
"board_end_title_3":{"x":1041,"y":1273,"w":87,"h":23,"offX":0,"offY":0,"sourceW":87,"sourceH":23},
"board_end_title_2":{"x":698,"y":777,"w":87,"h":23,"offX":0,"offY":0,"sourceW":88,"sourceH":23},
"board_end_title_1":{"x":265,"y":430,"w":86,"h":23,"offX":0,"offY":0,"sourceW":87,"sourceH":23},
"board_help_title":{"x":458,"y":1266,"w":207,"h":29,"offX":0,"offY":0,"sourceW":207,"sourceH":30},
"board_help_bt_skip":{"x":1518,"y":294,"w":42,"h":17,"offX":0,"offY":0,"sourceW":43,"sourceH":17},
"board_help_1_direct_hand":{"x":1239,"y":249,"w":30,"h":30,"offX":0,"offY":0,"sourceW":31,"sourceH":30},
"board_help_1_direct_2":{"x":1518,"y":312,"w":31,"h":12,"offX":0,"offY":0,"sourceW":32,"sourceH":13},
"board_help_1_direct_1":{"x":1239,"y":280,"w":31,"h":12,"offX":0,"offY":0,"sourceW":32,"sourceH":13},
"board_help_1_car":{"x":1977,"y":292,"w":48,"h":81,"offX":0,"offY":0,"sourceW":49,"sourceH":81},
"board_start_bt_start":{"x":1654,"y":1270,"w":113,"h":31,"offX":0,"offY":0,"sourceW":114,"sourceH":32},
"board_start_bt_rank":{"x":1769,"y":1275,"w":113,"h":31,"offX":0,"offY":0,"sourceW":114,"sourceH":32},
"board_start_bt_bonus":{"x":926,"y":1273,"w":113,"h":31,"offX":0,"offY":0,"sourceW":114,"sourceH":32},
"board_start_bg":{"x":1386,"y":329,"w":263,"h":295,"offX":0,"offY":0,"sourceW":264,"sourceH":295},
"txt_km":{"x":265,"y":454,"w":35,"h":17,"offX":0,"offY":0,"sourceW":36,"sourceH":17},
"bg":{"x":1971,"y":374,"w":50,"h":50,"offX":0,"offY":0,"sourceW":50,"sourceH":50},
"pop_yellow":{"x":1788,"y":1192,"w":224,"h":81,"offX":0,"offY":0,"sourceW":224,"sourceH":82},
"pop_tree":{"x":926,"y":1191,"w":224,"h":81,"offX":0,"offY":0,"sourceW":224,"sourceH":82},
"pop_red":{"x":1563,"y":1188,"w":224,"h":81,"offX":0,"offY":0,"sourceW":224,"sourceH":82},
"pop_purple":{"x":305,"y":1184,"w":224,"h":81,"offX":0,"offY":0,"sourceW":224,"sourceH":82},
"pop_orange":{"x":701,"y":1121,"w":224,"h":81,"offX":0,"offY":0,"sourceW":224,"sourceH":82},
"pop_green":{"x":1013,"y":1098,"w":258,"h":92,"offX":0,"offY":0,"sourceW":259,"sourceH":92},
"pop_girl":{"x":701,"y":1203,"w":224,"h":81,"offX":0,"offY":0,"sourceW":224,"sourceH":82},
"pop_blue":{"x":1563,"y":1105,"w":224,"h":81,"offX":0,"offY":0,"sourceW":224,"sourceH":82},
"water_1":{"x":1546,"y":999,"w":247,"h":105,"offX":0,"offY":0,"sourceW":248,"sourceH":106},
"blur_face":{"x":352,"y":0,"w":275,"h":483,"offX":0,"offY":0,"sourceW":276,"sourceH":484},
"car_masaka":{"x":1911,"y":999,"w":115,"h":192,"offX":0,"offY":0,"sourceW":116,"sourceH":193},
"car":{"x":1795,"y":999,"w":115,"h":192,"offX":0,"offY":0,"sourceW":116,"sourceH":193},
"chest_blue":{"x":403,"y":938,"w":168,"h":165,"offX":0,"offY":0,"sourceW":169,"sourceH":166},
"chest_green":{"x":1922,"y":704,"w":121,"h":126,"offX":0,"offY":0,"sourceW":122,"sourceH":127},
"chest_orange":{"x":1889,"y":511,"w":136,"h":192,"offX":0,"offY":0,"sourceW":137,"sourceH":192},
"chest_red":{"x":1650,"y":329,"w":320,"h":180,"offX":0,"offY":0,"sourceW":320,"sourceH":181},
"chest_yellow":{"x":915,"y":805,"w":179,"h":179,"offX":0,"offY":0,"sourceW":179,"sourceH":179},
"cloud_1":{"x":1251,"y":1231,"w":137,"h":68,"offX":0,"offY":0,"sourceW":138,"sourceH":69},
"cloud_2":{"x":1013,"y":1013,"w":306,"h":84,"offX":0,"offY":0,"sourceW":307,"sourceH":84},
"cloud_3":{"x":1971,"y":425,"w":69,"h":25,"offX":0,"offY":0,"sourceW":69,"sourceH":26},
"glass_1":{"x":915,"y":294,"w":470,"h":170,"offX":0,"offY":0,"sourceW":470,"sourceH":170},
"hole_1":{"x":550,"y":612,"w":268,"h":163,"offX":0,"offY":0,"sourceW":268,"sourceH":164},
"lighter":{"x":0,"y":0,"w":351,"h":393,"offX":8,"offY":17,"sourceW":375,"sourceH":436},
"logo":{"x":573,"y":938,"w":121,"h":20,"offX":0,"offY":0,"sourceW":122,"sourceH":20},
"txt_distance":{"x":265,"y":394,"w":67,"h":35,"offX":0,"offY":0,"sourceW":67,"sourceH":35},
"txt_power":{"x":573,"y":966,"w":240,"h":111,"offX":0,"offY":0,"sourceW":241,"sourceH":112},
"well_1":{"x":116,"y":1222,"w":158,"h":97,"offX":0,"offY":0,"sourceW":159,"sourceH":98},
"road_line":{"x":2025,"y":0,"w":15,"h":254,"offX":0,"offY":0,"sourceW":15,"sourceH":254},
"chest_girl":{"x":1428,"y":1105,"w":134,"h":138,"offX":0,"offY":0,"sourceW":134,"sourceH":138},
"chest_purple":{"x":0,"y":1144,"w":114,"h":139,"offX":0,"offY":0,"sourceW":115,"sourceH":140},
"chest_tree":{"x":0,"y":978,"w":147,"h":164,"offX":0,"offY":0,"sourceW":148,"sourceH":165},
"fog":{"x":915,"y":0,"w":361,"h":248,"offX":0,"offY":0,"sourceW":361,"sourceH":248},
"eff_blue_bg":{"x":265,"y":485,"w":284,"h":172,"offX":0,"offY":0,"sourceW":284,"sourceH":173},
"eff_blue_down":{"x":1580,"y":0,"w":264,"h":328,"offX":0,"offY":0,"sourceW":264,"sourceH":328},
"eff_blue_light":{"x":629,"y":0,"w":285,"h":401,"offX":0,"offY":0,"sourceW":285,"sourceH":402},
"eff_blue_up":{"x":1845,"y":0,"w":179,"h":291,"offX":0,"offY":0,"sourceW":179,"sourceH":291},
"eff_green_add50":{"x":1151,"y":1191,"w":98,"h":98,"offX":0,"offY":0,"sourceW":99,"sourceH":99},
"eff_yellow_fire":{"x":1272,"y":1098,"w":154,"h":132,"offX":10,"offY":0,"sourceW":174,"sourceH":133},
"eff_yellow_light":{"x":573,"y":1078,"w":127,"h":173,"offX":0,"offY":0,"sourceW":128,"sourceH":174},
"eff_yellow_p1":{"x":1650,"y":511,"w":238,"h":195,"offX":0,"offY":0,"sourceW":238,"sourceH":195},
"eff_yellow_p2":{"x":0,"y":604,"w":184,"h":212,"offX":0,"offY":0,"sourceW":185,"sourceH":212},
"board_end_bg":{"x":1277,"y":0,"w":302,"h":292,"offX":0,"offY":0,"sourceW":302,"sourceH":293},
"board_end_bonus_info":{"x":1112,"y":752,"w":185,"h":18,"offX":0,"offY":0,"sourceW":186,"sourceH":19},
"board_end_bt_bonus":{"x":1522,"y":1270,"w":131,"h":34,"offX":0,"offY":0,"sourceW":132,"sourceH":35},
"board_end_bt_close":{"x":2025,"y":255,"w":17,"h":17,"offX":0,"offY":0,"sourceW":18,"sourceH":18},
"board_end_bt_rank":{"x":1389,"y":1244,"w":131,"h":34,"offX":0,"offY":0,"sourceW":132,"sourceH":35},
"board_end_bt_replay":{"x":1386,"y":294,"w":131,"h":34,"offX":0,"offY":0,"sourceW":132,"sourceH":35},
"board_end_bt_revive":{"x":1845,"y":292,"w":131,"h":34,"offX":0,"offY":0,"sourceW":132,"sourceH":35},
"board_end_snap":{"x":1971,"y":452,"w":45,"h":36,"offX":0,"offY":0,"sourceW":46,"sourceH":37},
"board_end_title":{"x":1883,"y":1275,"w":87,"h":23,"offX":0,"offY":0,"sourceW":87,"sourceH":23},
"board_help_1_bg":{"x":893,"y":465,"w":263,"h":208,"offX":0,"offY":0,"sourceW":264,"sourceH":209},
"board_help_1_txt":{"x":1112,"y":700,"w":232,"h":50,"offX":0,"offY":0,"sourceW":232,"sourceH":51},
"board_help_2_bg":{"x":629,"y":403,"w":263,"h":208,"offX":0,"offY":0,"sourceW":264,"sourceH":209},
"board_help_2_bt_next":{"x":2022,"y":374,"w":24,"h":24,"offX":0,"offY":0,"sourceW":25,"sourceH":25},
"board_help_2_bt_prev":{"x":2022,"y":400,"w":24,"h":24,"offX":0,"offY":0,"sourceW":25,"sourceH":25},
"board_help_2_info_1":{"x":1406,"y":771,"w":214,"h":164,"offX":0,"offY":0,"sourceW":214,"sourceH":164},
"board_help_2_info_2":{"x":698,"y":805,"w":215,"h":160,"offX":0,"offY":0,"sourceW":216,"sourceH":160},
"board_help_2_info_3":{"x":479,"y":777,"w":218,"h":160,"offX":0,"offY":0,"sourceW":218,"sourceH":160},
"board_help_2_info_4":{"x":1832,"y":837,"w":208,"h":160,"offX":0,"offY":0,"sourceW":208,"sourceH":161},
"board_help_2_info_5":{"x":1621,"y":837,"w":210,"h":160,"offX":0,"offY":0,"sourceW":210,"sourceH":161},
"board_help_2_info_6":{"x":0,"y":817,"w":176,"h":160,"offX":0,"offY":0,"sourceW":177,"sourceH":161},
"board_help_2_info_7":{"x":1369,"y":936,"w":176,"h":160,"offX":0,"offY":0,"sourceW":176,"sourceH":161},
"board_help_2_info_8":{"x":186,"y":789,"w":216,"h":160,"offX":0,"offY":0,"sourceW":217,"sourceH":161},
"board_help_2_info_9":{"x":149,"y":1086,"w":155,"h":135,"offX":0,"offY":0,"sourceW":156,"sourceH":135},
"board_help_2_info_10":{"x":178,"y":950,"w":197,"h":135,"offX":0,"offY":0,"sourceW":198,"sourceH":135},
"board_help_2_info_11":{"x":814,"y":985,"w":197,"h":135,"offX":0,"offY":0,"sourceW":198,"sourceH":135},
"board_help_2_txt":{"x":1095,"y":902,"w":273,"h":110,"offX":0,"offY":0,"sourceW":274,"sourceH":110},
"board_help_3_bg":{"x":0,"y":394,"w":263,"h":208,"offX":0,"offY":0,"sourceW":264,"sourceH":209},
"board_help_3_bt_start":{"x":275,"y":1266,"w":182,"h":47,"offX":0,"offY":0,"sourceW":182,"sourceH":48},
"board_help_3_txt":{"x":305,"y":1104,"w":242,"h":78,"offX":0,"offY":0,"sourceW":243,"sourceH":79},
"board_help_bt_next":{"x":915,"y":249,"w":161,"h":40,"offX":0,"offY":0,"sourceW":161,"sourceH":41},
"board_help_bt_prev":{"x":1077,"y":249,"w":161,"h":40,"offX":0,"offY":0,"sourceW":161,"sourceH":41},
"counddown_1":{"x":1628,"y":707,"w":292,"h":129,"offX":0,"offY":0,"sourceW":293,"sourceH":130},
"counddown_2":{"x":819,"y":674,"w":292,"h":129,"offX":0,"offY":0,"sourceW":293,"sourceH":130},
"counddown_3":{"x":186,"y":658,"w":292,"h":129,"offX":0,"offY":0,"sourceW":293,"sourceH":130},
"counddown_go":{"x":1112,"y":771,"w":292,"h":129,"offX":0,"offY":0,"sourceW":293,"sourceH":130},
"eff_orange_absort":{"x":1356,"y":625,"w":271,"h":145,"offX":0,"offY":0,"sourceW":272,"sourceH":145},
"eff_orange_light":{"x":1158,"y":465,"w":197,"h":234,"offX":0,"offY":0,"sourceW":197,"sourceH":235}}}